{
    "totalPage": 5,
    "data": [
        {
            "id": 1,
            "title": "test1",
            "publishTime": "2020-08-08",
            "detail": "testdetail",
            "author": "张三"
        },
        {
            "id": 2,
            "title": "test2",
            "publishTime": "2020-08-08",
            "detail": "testdetail",
            "author": "张三"
        },
        {
            "id": 3,
            "title": "test3",
            "publishTime": "2020-08-08",
            "detail": "testdetail",
            "author": "张三"
        }
    ]
}